Time,ADC Value,Std Deviation,Calibrated OD
0,2121.21,109.4821,0.2922034
30,2109.56,142.311,0.3053819
60,2113.66,130.9797,0.3007359
90,2104.57,145.429,0.3110488
120,2129.64,131.8877,0.2827127
150,2117.12,145.5963,0.2968217
180,2113.97,130.4036,0.3003848
210,2109.07,146.1755,0.3059378
240,2113.78,131.0702,0.3005998
270,2115.53,146.9314,0.2986197
300,2123.18,131.3501,0.2899822
330,2113.62,145.9609,0.3007809
360,2139.73,133.018,0.2714019
390,2123.07,147.4751,0.290106
420,2121.09,131.2691,0.2923387
450,2117.66,147.8475,0.2962117
480,2121.73,131.2392,0.291617
510,2104.8,146.6156,0.3107874
540,2101.23,131.5321,0.3148496
570,2118.29,147.6324,0.2954997
600,2120.18,130.3604,0.2933658
630,2103.49,145.0065,0.3122772
660,2126.56,131.2267,0.2861757
690,2126.52,147.0618,0.2862207
720,2100.67,131.5939,0.3154874
750,2109.77,144.7485,0.3051438
780,2108.92,130.3005,0.3061081
810,2113.48,146.024,0.3009395
840,2106.96,129.3872,0.308333
870,2119.45,143.7729,0.2941897
900,2110.46,130.704,0.3043613
930,2105.53,146.1691,0.3099576
960,2105.35,130.1387,0.3101622
990,2117.95,145.6274,0.2958839
1020,2131.16,131.93,0.2810053
1050,2110.28,146.1231,0.3045654
1080,2114.1,131.1135,0.3002375
1110,2108.08,145.7297,0.3070613
1140,2114.27,130.1708,0.3000452
1170,2109.92,145.2092,0.3049738
1200,2127.84,131.0516,0.2847357
1230,2116.66,146.0529,0.2973419
1260,2134.52,131.9288,0.2772354
1290,2117.26,145.9595,0.2966636
1320,2123.32,130.3911,0.2898243
1350,2105.23,145.2448,0.3102986
1380,2108.08,129.2231,0.3070613
1410,2104.79,145.1842,0.3107988
1440,2104.34,130.007,0.3113103
1470,2116.08,147.0709,0.2979975
1500,2119.38,130.3857,0.294269
1530,2104.05,144.7156,0.3116402
1560,2122.71,132.0077,0.2905119
1590,2120.76,146.5959,0.2927112
1620,2116.85,131.5114,0.2971269
1650,2116.14,146.0038,0.2979299
1680,2127.28,132.1287,0.2853658
1710,2118.92,147.8373,0.2947882
1740,2115.83,133.169,0.2982801
1770,2107.52,144.5542,0.3076971
1800,2116.94,129.6386,0.2970253
1830,2119.48,147.08,0.2941559
1860,2122.47,132.122,0.2907825
1890,2118.38,145.9352,0.2953983
1920,2131.83,132.9093,0.280253
1950,2111.81,146.6068,0.302831
1980,2116.73,129.7111,0.2972627
2010,2124.35,146.5288,0.2886637
2040,2128.89,131.2456,0.2835555
2070,2115.18,145.6613,0.2990156
2100,2116.99,131.0469,0.2969688
2130,2121.08,147.2974,0.2923499
2160,2117.23,131.2816,0.2966975
2190,2115.41,147.0424,0.2987554
2220,2121.35,131.3382,0.2920455
2250,2111.98,146.5181,0.3026384
2280,2104.26,129.1154,0.3114014
2310,2116.92,146.5988,0.297048
2340,2111.26,131.4145,0.3034543
2370,2130.15,145.7644,0.2821396
2400,2105.43,131.5787,0.3100714
2430,2121.03,147.4164,0.2924065
2460,2121.79,131.2843,0.2915492
2490,2118.05,145.7415,0.2957709
2520,2130.7,132.191,0.2815218
2550,2112.59,145.8136,0.3019474
2580,2108.5,131.3086,0.3065847
2610,2105.25,144.7322,0.3102758
2640,2131.56,131.8321,0.280556
2670,2113.59,144.4022,0.3008148
2700,2109.69,129.9896,0.3052345
2730,2115.0,147.0657,0.2992192
2760,2104.39,130.9065,0.3112538
2790,2104.32,145.6172,0.3113331
2820,2114.7,130.9801,0.2995587
2850,2110.26,145.7917,0.3045881
2880,2124.53,131.5184,0.288461
2910,2112.04,144.3872,0.3025704
2940,2123.88,131.6707,0.2891935
2970,2120.64,146.9023,0.2928467
3000,2103.67,127.31,0.3120726
3030,2113.08,144.2812,0.3013923
3060,2112.11,130.3951,0.302491
3090,2113.7,146.7077,0.3006905
3120,2125.7,131.2386,0.2871437
3150,2123.68,146.1417,0.2894187
3180,2114.75,132.9337,0.299502
3210,2115.56,145.6715,0.2985856
3240,2123.93,130.3651,0.2891371
3270,2100.5,144.8787,0.3156811
3300,2122.15,132.6846,0.2911434
3330,2112.84,144.2757,0.3016642
3360,2103.98,133.2014,0.3117198
3390,2116.61,149.2487,0.2973982
3420,2111.26,129.9982,0.3034543
3450,2123.94,145.1853,0.2891258
3480,2101.76,130.9054,0.314246
3510,2108.71,146.4071,0.3063464
3540,2111.43,132.1891,0.3032618
3570,2111.42,146.7147,0.3032732
3600,2122.82,131.9265,0.2903878
3630,2107.51,146.9405,0.3077084
3660,2117.85,130.7335,0.2959967
3690,2114.46,146.3288,0.2998302
3720,2118.06,132.2587,0.2957595
3750,2115.22,145.217,0.2989703
3780,2117.21,130.7837,0.2967201
3810,2107.87,145.2362,0.3072996
3840,2114.15,131.152,0.3001812
3870,2104.53,144.425,0.3110943
3900,2113.66,127.3487,0.3007359
3930,2117.04,130.5531,0.2969121
3960,2122.85,128.9245,0.290354
3990,2117.02,132.1656,0.2969347
4020,2116.36,128.486,0.2976808
4050,2111.12,131.2122,0.3036129
4080,2113.4,129.9687,0.3010302
4110,2108.66,132.4219,0.3064032
4140,2121.77,128.8961,0.2915718
4170,2118.36,130.496,0.2954206
4200,2108.65,127.8713,0.3064145
4230,2118.14,130.7479,0.2956693
4260,2122.54,129.2741,0.2907034
4290,2110.62,131.6396,0.3041798
4320,2117.75,129.3942,0.2961099
4350,2121.43,128.7873,0.2919554
4380,2105.97,128.9611,0.3094576
4410,2126.85,129.2294,0.2858494
4440,2111.94,128.4258,0.3026838
4470,2116.83,130.2686,0.2971495
4500,2115.36,129.1629,0.2988118
4530,2116.71,129.0924,0.2972853
4560,2122.61,129.1088,0.2906245
4590,2127.57,131.3106,0.2850394
4620,2123.51,130.1665,0.2896103
4650,2116.62,128.9444,0.2973868
4680,2123.06,137.8319,0.2901173
4710,2120.62,131.5499,0.292869
4740,2119.65,129.3298,0.2939641
4770,2120.05,131.538,0.2935123
4800,2118.28,128.9867,0.2955111
4830,2116.52,132.5233,0.2975001
4860,2120.16,129.3831,0.2933884
4890,2112.43,130.4825,0.3021288
4920,2124.88,129.5486,0.2880671
4950,2109.31,131.5885,0.3056654
4980,2114.78,129.2728,0.2994681
5010,2113.76,132.5028,0.3006225
5040,2129.05,128.0787,0.2833755
5070,2110.13,131.0786,0.3047357
5100,2116.42,128.4332,0.2976131
5130,2109.85,129.8228,0.3050529
5160,2117.93,128.8325,0.2959065
5190,2113.13,131.4301,0.301336
5220,2122.43,129.3772,0.2908277
5250,2121.19,132.3618,0.292226
5280,2111.12,129.4252,0.3036129
5310,2116.04,130.8298,0.2980428
5340,2116.18,128.3401,0.2978846
5370,2102.99,131.4314,0.3128461
5400,2108.28,127.9395,0.3068343
5430,2105.91,130.2876,0.3095259
5460,2125.37,129.6349,0.2875151
5490,2114.78,131.354,0.2994681
5520,2110.58,129.6406,0.3042251
5550,2111.71,133.2495,0.3029444
5580,2118.45,130.4794,0.2953191
5610,2115.06,130.1604,0.2991512
5640,2111.14,129.1698,0.3035905
5670,2109.28,130.6239,0.3056996
5700,2111.59,128.5484,0.3030803
5730,2107.97,130.9449,0.3071863
5760,2122.56,129.537,0.290681
5790,2114.28,131.9767,0.300034
5820,2106.81,126.8921,0.3085034
5850,2112.31,132.44,0.3022646
5880,2112.64,127.0693,0.3018909
5910,2110.14,132.2827,0.3047242
5940,2118.96,129.7376,0.294743
5970,2109.23,132.5141,0.3057563
6000,2122.22,130.356,0.2910643
6030,2113.11,131.4156,0.3013584
6060,2118.28,133.5339,0.2955111
6090,2113.31,131.721,0.3011319
6120,2116.01,128.8231,0.2980767
6150,2114.13,132.0386,0.3002039
6180,2116.66,127.6871,0.2973419
6210,2110.16,132.0176,0.3047015
6240,2099.75,127.0348,0.3165356
6270,2110.18,130.038,0.3046788
6300,2107.02,128.8766,0.3082649
6330,2108.96,129.7775,0.3060627
6360,2106.97,129.5906,0.3083217
6390,2114.31,130.8972,0.2999999
6420,2116.21,127.7705,0.2978506
6450,2108.95,131.4595,0.306074
6480,2130.55,128.7199,0.2816901
6510,2102.55,130.8023,0.3133467
6540,2115.93,128.9185,0.2981673
6570,2112.19,129.9886,0.3024006
6600,2114.33,128.4565,0.2999772
6630,2116.72,132.4152,0.2972739
6660,2108.47,128.3735,0.3066187
6690,2116.88,131.8666,0.2970933
6720,2115.04,128.5455,0.2991739
6750,2102.73,130.195,0.3131419
6780,2114.7,128.824,0.2995587
6810,2115.69,131.0645,0.2984387
6840,2108.64,128.0814,0.3064259
6870,2121.42,132.6814,0.2919666
6900,2112.65,127.9971,0.3018796
6930,2107.87,130.3191,0.3072996
6960,2118.11,119.2312,0.295703
6990,2116.73,132.8018,0.2972627
7020,2117.15,128.7848,0.296788
7050,2111.29,138.6845,0.3034203
7080,2098.31,127.4032,0.3181771
7110,2115.69,131.6013,0.2984387
7140,2115.07,128.7599,0.2991398
7170,2106.43,130.3404,0.308935
7200,2112.1,128.5743,0.3025024
7230,2103.65,130.7976,0.3120954
7260,2112.39,128.2448,0.3021741
7290,2113.8,132.3831,0.3005771
7320,2121.65,128.2643,0.2917072
7350,2111.89,132.8506,0.3027405
7380,2121.71,129.1376,0.2916396
7410,2124.72,147.817,0.2882471
7440,2116.77,129.0333,0.2972174
7470,2106.24,129.954,0.3091508
7500,2110.46,129.3834,0.3043613
7530,2117.91,131.7588,0.2959292
7560,2125.33,130.5011,0.2875602
7590,2100.2,131.1932,0.3160229
7620,2114.22,128.7272,0.3001018
7650,2119.46,134.5291,0.2941785
7680,2110.01,127.7684,0.3048715
7710,2108.41,131.3722,0.3066869
7740,2113.23,128.4117,0.3012226
7770,2114.47,129.4075,0.299819
7800,2127.0,131.8708,0.2856808
7830,2117.09,132.1761,0.2968556
7860,2104.82,131.3366,0.3107647
7890,2123.25,131.38,0.2899033
7920,2108.48,130.0772,0.3066074
7950,2100.76,130.8771,0.3153848
7980,2118.93,130.743,0.294777
8010,2112.94,132.603,0.3015511
8040,2105.41,131.9553,0.3100942
8070,2118.05,131.0818,0.2957709
8100,2120.01,130.2567,0.2935575
8130,2109.15,130.9796,0.3058472
8160,2113.79,130.7618,0.3005886
8190,2101.08,130.6223,0.3150202
8220,2109.65,131.4195,0.3052799
8250,2118.89,130.5969,0.2948222
8280,2103.22,131.0266,0.3125844
8310,2106.74,129.6268,0.3085829
8340,2115.09,130.353,0.2991172
8370,2112.43,129.2517,0.3021288
8400,2113.13,130.9748,0.301336
8430,2109.29,132.0289,0.3056881
8460,2118.31,131.8755,0.2954771
8490,2098.12,129.5594,0.3183937
8520,2122.91,132.0356,0.2902866
8550,2120.64,130.8733,0.2928467
8580,2107.47,130.7124,0.3077538
8610,2115.11,130.7052,0.2990947
8640,2102.36,132.1447,0.313563
8670,2108.85,132.2622,0.3061873
8700,2118.14,130.6184,0.2956693
8730,2113.47,130.7178,0.3009509
8760,2117.0,130.8727,0.2969574
8790,2099.51,130.1287,0.3168091
8820,2110.88,130.1997,0.3038852
8850,2112.3,130.6946,0.3022758
8880,2109.64,131.104,0.3052914
8910,2103.89,130.2083,0.3118223
8940,2118.47,131.3427,0.2952965
8970,2110.7,131.3976,0.3040893
9000,2114.21,131.7499,0.3001132
9030,2106.96,131.1723,0.308333
9060,2105.64,129.9858,0.3098328
9090,2103.76,132.5023,0.3119701
9120,2113.44,130.077,0.3009849
9150,2094.88,128.8056,0.3220921
9180,2117.68,131.352,0.296189
9210,2107.42,132.0369,0.3078108
9240,2097.4,129.2489,0.3192153
9270,2110.1,131.069,0.3047694
9300,2107.98,130.4213,0.3071748
9330,2108.87,129.1365,0.3061646
9360,2115.92,130.5069,0.2981786
9390,2101.16,132.076,0.3149293
9420,2101.77,130.7896,0.3142347
9450,2111.7,132.3206,0.3029557
9480,2114.89,130.7625,0.2993438
9510,2111.53,131.6165,0.3031484
9540,2108.76,130.792,0.3062895
9570,2110.02,130.4739,0.3048602
9600,2092.5,129.6787,0.3248122
9630,2101.72,130.8133,0.3142916
9660,2112.34,130.1465,0.3022305
9690,2109.63,130.6178,0.3053026
9720,2119.59,130.4838,0.2940316
9750,2100.02,145.6881,0.3162278
9780,2095.12,130.0645,0.3218177
9810,2108.98,130.8308,0.30604
9840,2115.32,132.3302,0.2988572
9870,2113.23,131.121,0.3012226
9900,2106.13,129.8759,0.3092761
9930,2099.4,132.1624,0.3169346
9960,2111.62,130.9265,0.3030462
9990,2099.66,130.5875,0.3166383
10020,2097.87,128.7249,0.3186789
10050,2096.82,130.9143,0.319877
10080,2109.76,130.7541,0.3051551
10110,2099.18,130.9358,0.3171854
10140,2105.55,129.6463,0.3099348
10170,2106.85,131.3052,0.3084579
10200,2115.45,131.0815,0.2987101
10230,2116.66,131.1261,0.2973419
10260,2100.32,130.3788,0.315886
10290,2106.04,130.3047,0.3093781
10320,2104.58,131.6203,0.3110375
10350,2095.84,130.8644,0.3209956
10380,2095.23,128.441,0.3216923
10410,2096.85,130.4885,0.3198426
10440,2099.51,131.0507,0.3168091
10470,2094.03,130.8177,0.323063
10500,2106.73,131.1065,0.3085942
10530,2102.35,130.1049,0.3135743
10560,2104.34,131.0641,0.3113103
10590,2108.16,131.2243,0.3069707
10620,2115.86,130.5364,0.2982462
10650,2102.52,130.8266,0.3133809
10680,2102.08,129.6333,0.3138817
10710,2104.93,130.0501,0.3106397
10740,2099.03,130.752,0.3173562
10770,2104.49,130.1473,0.3111399
10800,2110.49,130.2848,0.3043273
10830,2115.44,132.0081,0.2987216
10860,2101.18,129.986,0.3149065
10890,2108.24,130.8893,0.3068797
10920,2106.15,129.9172,0.3092533
10950,2107.97,131.1194,0.3071863
10980,2104.23,130.2253,0.3114355
11010,2093.49,131.8082,0.3236804
11040,2104.8,130.9538,0.3107874
11070,2113.08,131.2168,0.3013923
11100,2101.0,131.481,0.3151115
11130,2097.65,130.8378,0.3189301
11160,2102.8,130.566,0.3130622
11190,2094.7,130.4056,0.3222978
11220,2103.79,131.0216,0.3119359
11250,2106.13,132.1269,0.3092761
11280,2093.24,130.1622,0.3239661
11310,2089.01,130.5297,0.3288064
11340,2111.12,130.7673,0.3036129
11370,2106.53,131.1086,0.3088214
11400,2100.93,130.8064,0.3151913
11430,2105.27,131.258,0.3102531
11460,2113.59,130.988,0.3008148
11490,2107.05,129.995,0.3082307
11520,2103.85,130.8043,0.3118675
11550,2091.97,130.8326,0.3254184
11580,2109.63,126.7821,0.3053026
11610,2100.92,130.9478,0.3152027
11640,2094.21,127.6475,0.3228575
11670,2087.01,130.8487,0.3310986
11700,2099.43,128.596,0.3169004
11730,2099.55,130.6533,0.3167635
11760,2088.97,127.5138,0.3288524
11790,2109.35,130.0088,0.3056201
11820,2090.05,128.0503,0.3276154
11850,2099.26,130.7416,0.317094
11880,2111.41,129.5791,0.3032844
11910,2091.95,130.6071,0.3254411
11940,2111.0,128.6929,0.3037491
11970,2093.82,130.6998,0.323303
12000,2108.93,128.28,0.3060967
12030,2094.34,130.7513,0.3227088
12060,2102.56,129.7399,0.3133353
12090,2095.66,128.8089,0.3212013
12120,2095.54,128.1353,0.3213382
12150,2104.37,127.303,0.3112762
12180,2079.21,126.7449,0.3400587
12210,2091.96,127.3896,0.3254298
12240,2096.66,127.216,0.3200597
12270,2097.97,129.1615,0.318565
12300,2090.34,126.8475,0.3272835
12330,2081.69,126.9285,0.3372062
12360,2096.0,128.2708,0.320813
12390,2095.29,126.1341,0.3216237
12420,2093.03,130.0951,0.3242062
12450,2094.71,127.336,0.3222862
12480,2077.57,127.4507,0.3419468
12510,2086.32,128.9761,0.3318898
12540,2098.19,127.7535,0.3183142
12570,2094.49,131.4237,0.3225374
12600,2088.49,127.1942,0.3294023
12630,2085.06,129.4495,0.3333354
12660,2100.76,128.2924,0.3153848
12690,2086.72,131.1399,0.3314312
12720,2103.33,129.7645,0.3124591
12750,2094.13,129.9812,0.3229489
12780,2092.22,128.1186,0.3251325
12810,2080.49,130.2128,0.338586
12840,2091.8,127.5125,0.3256128
12870,2099.53,130.9591,0.3167862
12900,2096.7,128.1134,0.320014
12930,2088.26,130.626,0.3296658
12960,2110.36,128.417,0.3044745
12990,2081.7,129.8987,0.3371948
13020,2099.83,127.7013,0.3164443
13050,2107.24,130.5637,0.308015
13080,2086.59,128.6093,0.3315801
13110,2094.9,130.6017,0.3220693
13140,2100.26,126.6752,0.3159545
13170,2093.1,130.6108,0.324126
13200,2084.02,128.4695,0.3345293
13230,2084.81,129.8071,0.3336223
13260,2100.99,127.6962,0.3151228
13290,2099.41,129.0923,0.3169232
13320,2090.81,127.9199,0.3267454
13350,2095.19,130.9131,0.321738
13380,2076.39,126.214,0.3433064
13410,2072.04,130.3166,0.3483247
13440,2099.32,129.995,0.3170255
13470,2090.92,130.5904,0.3266197
13500,2078.09,128.2568,0.3413478
13530,2101.7,130.6019,0.3143145
13560,2090.63,127.7435,0.3269517
13590,2083.55,129.9428,0.3350689
13620,2092.51,128.6587,0.3248007
13650,2098.17,145.9676,0.318337
13680,2096.65,127.9857,0.3200711
13710,2091.26,130.3077,0.3262306
13740,2088.54,128.5669,0.329345
13770,2093.82,131.2343,0.323303
13800,2073.29,126.4787,0.3468815
13830,2086.35,131.6164,0.3318553
13860,2106.52,129.1856,0.3088327
13890,2087.68,129.1312,0.3303306
13920,2093.72,127.4881,0.3234174
13950,2083.87,130.6013,0.3347013
13980,2084.1,126.9079,0.3344373
14010,2094.74,130.8765,0.322252
14040,2086.58,126.6307,0.3315916
14070,2085.54,128.8871,0.3327846
14100,2096.87,128.633,0.3198198
14130,2091.32,128.8654,0.3261618
14160,2087.18,127.9783,0.3309038
14190,2100.74,127.2016,0.3154076
14220,2085.56,127.3937,0.3327615
14250,2085.55,128.4093,0.3327732
14280,2097.85,129.128,0.3187018
14310,2092.8,128.4508,0.324469
14340,2090.76,126.5196,0.3268028
14370,2082.98,127.0294,0.3357237
14400,2101.14,124.8491,0.3149521
14430,2087.09,128.5543,0.3310067
14460,2091.54,125.893,0.3259102
14490,2074.88,129.7455,0.3450473
14520,2095.78,128.1353,0.3210642
14550,2091.8,131.6238,0.3256128
14580,2099.41,119.2462,0.3169232
14610,2088.98,130.6973,0.328841
14640,2081.85,128.0761,0.3370222
14670,2079.9,130.9457,0.3392649
14700,2093.73,127.4769,0.3234059
14730,2083.06,131.502,0.3356319
14760,2097.91,127.8915,0.3186335
14790,2071.08,129.0822,0.3494336
14820,2081.24,139.6724,0.3377234
14850,2080.53,129.6202,0.3385399
14880,2071.98,126.3549,0.348394
14910,2081.05,131.9846,0.3379418
14940,2106.37,129.9518,0.309003
14970,2082.93,130.6402,0.3357814
15000,2092.62,128.3066,0.3246748
15030,2081.62,130.5461,0.3372866
15060,2102.36,128.5485,0.313563
15090,2080.18,128.7374,0.3389426
15120,2092.95,128.8474,0.3242976
15150,2079.84,130.7505,0.3393337
15180,2077.52,128.5805,0.3420043
15210,2080.46,128.4741,0.3386205
15240,2084.28,127.7694,0.3342308
15270,2080.83,129.8911,0.3381949
15300,2086.95,128.0381,0.3311675
15330,2092.79,129.8175,0.3244805
15360,2088.34,125.7628,0.329574
15390,2081.77,128.6413,0.3371141
15420,2078.96,126.9152,0.3403464
15450,2088.4,129.4119,0.3295055
15480,2075.71,128.0132,0.3440902
15510,2072.84,128.4615,0.3474009
15540,2083.92,128.232,0.3346443
15570,2068.75,130.0977,0.3521271
15600,2081.71,127.3046,0.3371832
15630,2078.08,130.1912,0.3413594
15660,2072.22,126.5276,0.348117
15690,2067.63,129.8331,0.3534232
15720,2082.9,128.3914,0.3358158
15750,2066.94,130.2428,0.3542219
15780,2075.68,126.8669,0.3441248
15810,2077.61,131.8677,0.3419006
15840,2080.66,129.3029,0.3383906
15870,2078.98,131.1234,0.3403234
15900,2068.87,127.401,0.3519883
15930,2060.49,128.9293,0.3617007
15960,2073.54,126.7921,0.346593
15990,2070.55,131.3023,0.3500461
16020,2073.45,126.8827,0.3466969
16050,2087.36,130.3779,0.3306971
16080,2074.39,128.5769,0.3456125
16110,2085.1,129.87,0.3332894
16140,2096.93,129.6016,0.3197515
16170,2079.72,130.0044,0.3394718
16200,2075.96,126.6247,0.343802
16230,2066.01,130.7186,0.3552987
16260,2063.68,127.5186,0.357999
16290,2080.4,129.9229,0.3386896
16320,2074.43,128.8144,0.3455662
16350,2095.04,130.4264,0.3219092
16380,2079.3,127.587,0.339955
16410,2076.84,130.0582,0.3427876
16440,2076.4,126.3717,0.3432949
16470,2065.33,129.2722,0.3560863
16500,2077.3,125.9843,0.3422579
16530,2080.57,130.2304,0.3384938
16560,2077.42,127.1861,0.3421197
16590,2055.32,128.2753,0.3677123
16620,2082.06,127.9451,0.3367809
16650,2055.03,130.2125,0.36805
16680,2065.66,127.6252,0.3557041
16710,2066.56,128.7902,0.3546617
16740,2079.88,126.2084,0.3392879
16770,2072.46,130.0782,0.3478397
16800,2065.09,125.7794,0.3563643
16830,2073.05,128.0668,0.3471585
16860,2075.46,127.2627,0.3443783
16890,2086.65,130.5397,0.3315115
16920,2083.37,127.7754,0.3352757
16950,2063.13,129.2458,0.3586369
16980,2056.51,125.7477,0.3663273
17010,2069.58,130.2938,0.3511672
17040,2062.99,127.9747,0.3587992
17070,2071.32,128.8786,0.3491562
17100,2071.82,127.2148,0.3485788
17130,2068.84,129.4834,0.352023
17160,2065.24,126.1374,0.3561906
17190,2067.16,130.0043,0.3539672
17220,2062.63,125.4126,0.3592167
17250,2064.35,125.3563,0.3572219
17280,2062.61,125.4626,0.3592398
17310,2060.71,130.2485,0.3614452
17340,2066.36,126.4863,0.3548933
17370,2066.4,129.8583,0.3548471
17400,2066.63,126.0807,0.3545809
17430,2061.34,127.867,0.3607137
17460,2068.53,126.9132,0.3523817
17490,2066.06,129.9717,0.3552408
17520,2068.56,124.8141,0.352347
17550,2060.57,128.9602,0.3616077
17580,2064.12,128.9025,0.3574886
17610,2055.0,129.4425,0.3680849
17640,2060.7,127.86,0.3614569
17670,2077.3,127.7005,0.3422579
17700,2050.76,127.4683,0.3730271
17730,2056.4,128.6769,0.3664554
17760,2062.66,129.8469,0.359182
17790,2081.44,129.4914,0.3374937
17820,2054.99,126.8947,0.3680966
17850,2083.06,131.1266,0.3356319
17880,2071.16,129.0218,0.3493414
17910,2075.64,128.8752,0.344171
17940,2059.9,127.7153,0.362386
17970,2057.08,128.5111,0.365664
18000,2068.01,126.5146,0.3529832
18030,2062.54,129.1766,0.3593211
18060,2069.84,126.9735,0.3508667
18090,2055.0,129.6115,0.3680849
18120,2063.14,126.586,0.3586252
18150,2073.52,129.8585,0.3466161
18180,2067.66,126.4676,0.3533885
18210,2067.83,128.8776,0.3531916
18240,2082.8,127.3429,0.3359305
18270,2074.3,130.8978,0.345716
18300,2060.36,125.8136,0.3618515
18330,2053.78,126.8181,0.369506
18360,2061.27,126.3908,0.360795
18390,2051.49,129.3483,0.3721756
18420,2071.15,126.6448,0.3493529
18450,2063.01,129.2767,0.3587759
18480,2071.18,127.6169,0.3493182
18510,2075.03,130.3566,0.3448742
18540,2065.12,126.5888,0.3563296
18570,2044.17,129.2817,0.3807291
18600,2053.48,126.6254,0.3698556
18630,2058.9,127.5719,0.363548
18660,2043.49,127.1212,0.3815253
18690,2069.13,130.037,0.3516878
18720,2084.85,126.712,0.3335764
18750,2055.46,128.4398,0.3675493
18780,2058.29,126.9773,0.364257
18810,2071.77,130.1268,0.3486365
18840,2058.14,127.2986,0.3644316
18870,2046.66,127.6484,0.377816
18900,2064.78,126.1776,0.3567237
18930,2047.16,129.7193,0.3772315
18960,2070.33,126.0608,0.3503003
18990,2045.07,128.809,0.3796758
19020,2064.34,128.1414,0.3572336
19050,2053.61,128.9523,0.3697039
19080,2052.84,125.303,0.3706013
19110,2062.12,126.9597,0.3598083
19140,2049.78,127.1896,0.374171
19170,2056.34,127.864,0.366525
19200,2046.7,128.0699,0.3777694
19230,2055.12,128.8906,0.3679451
19260,2055.24,128.8437,0.3678055
19290,2053.11,128.1055,0.3702865
19320,2050.07,126.1189,0.3738324
19350,2039.06,127.0137,0.3867183
19380,2048.95,130.5274,0.3751402
19410,2100.51,126.1187,0.3156696
19440,2048.87,127.9838,0.3752335
19470,2053.41,128.6966,0.3699372
19500,2055.17,127.7198,0.3678871
19530,2068.49,130.1002,0.3524281
19560,2049.35,126.622,0.3746729
19590,2051.82,129.4426,0.3717906
19620,2065.13,128.6378,0.3563182
19650,2069.47,129.3833,0.3512945
19680,2062.87,126.7673,0.3589381
19710,2050.78,129.5685,0.3730038
19740,2043.53,126.6319,0.3814784
19770,2053.7,128.0712,0.3695992
19800,2043.91,127.1931,0.3810334
19830,2052.62,128.3376,0.3708578
19860,2040.65,126.8012,0.3848532
19890,2042.59,127.8982,0.3825794
19920,2053.33,127.8676,0.3700302
19950,2055.03,128.3785,0.36805
19980,2045.07,126.6602,0.3796758
20010,2044.69,128.8072,0.3801205
20040,2057.04,129.0184,0.3657106
20070,2038.53,126.8609,0.3873404
20100,2050.18,128.4615,0.3737042
20130,2042.5,128.0175,0.3826849
20160,2048.87,126.5483,0.3752335
20190,2060.37,129.3167,0.3618398
20220,2044.76,127.462,0.3800386
20250,2062.37,129.6511,0.3595182
20280,2049.91,128.8485,0.3740193
20310,2049.6,127.7569,0.374381
20340,2062.33,130.3029,0.3595647
20370,2044.65,127.4782,0.3801673
20400,2063.86,124.8897,0.3577901
20430,2072.36,130.1633,0.347955
20460,2052.45,128.1257,0.3710561
20490,2055.11,128.9703,0.3679567
20520,2055.47,127.1769,0.3675377
20550,2041.66,128.6197,0.3836691
20580,2038.24,127.7592,0.3876809
20610,2054.57,129.1185,0.3685855
20640,2033.55,127.5095,0.3931932
20670,2034.34,128.8348,0.3922639
20700,2049.97,128.394,0.3739493
20730,2056.08,128.7293,0.3668275
20760,2044.95,128.0017,0.3798163
20790,2033.43,127.5407,0.3933345
20820,2043.93,127.6976,0.38101
20850,2040.64,127.5954,0.3848648
20880,2045.85,127.5935,0.3787633
20910,2041.7,128.2732,0.3836223
20940,2063.92,128.5463,0.3577208
20970,2043.78,127.6012,0.3811856
21000,2045.16,127.564,0.3795705
21030,2068.56,128.588,0.352347
21060,2054.97,128.2545,0.3681198
21090,2024.19,128.0106,0.4042329
21120,2032.23,127.4026,0.3947472
21150,2054.05,128.2452,0.3691913
21180,2042.72,127.1458,0.3824271
21210,2032.56,126.4946,0.3943585
21240,2037.64,126.7509,0.3883854
21270,2037.58,126.8143,0.388456
21300,2055.13,127.5464,0.3679337
21330,2047.0,127.5491,0.3774186
21360,2044.86,127.6544,0.3799216
21390,2041.38,127.5004,0.3839972
21420,2047.4,127.0469,0.376951
21450,2035.28,125.7431,0.3911585
21480,2045.59,126.8768,0.3790675
21510,2052.47,128.4395,0.3710329
21540,2025.53,127.0541,0.4026492
21570,2046.99,126.1557,0.3774302
21600,2044.23,127.7476,0.380659
21630,2025.87,127.4815,0.4022477
21660,2045.62,128.3345,0.3790323
21690,2024.45,125.9853,0.4039256
21720,2036.72,126.7586,0.3894662
21750,2054.87,128.0892,0.3682361
21780,2034.97,126.979,0.391523
21810,2042.02,128.5721,0.3832472
21840,2060.12,129.1999,0.3621302
21870,2036.57,128.3195,0.3896424
21900,2053.8,126.9377,0.3694826
21930,2045.15,126.7202,0.3795821
21960,2038.04,129.2077,0.3879156
21990,2049.81,125.8257,0.3741359
22020,2051.22,127.827,0.3724906
22050,2031.53,127.8358,0.3955716
22080,2036.93,127.9727,0.3892193
22110,2037.89,126.1718,0.3880918
22140,2037.52,127.3616,0.3885263
22170,2056.77,128.4133,0.3660246
22200,2038.45,128.8358,0.3874345
22230,2053.02,128.2898,0.3703917
22260,2056.9,128.9016,0.3658736
22290,2031.08,127.1981,0.3961017
22320,2040.76,129.2916,0.3847242
22350,2031.99,127.4852,0.3950298
22380,2023.17,125.3102,0.4054389
22410,2019.63,126.6658,0.4096296
22440,2025.86,126.3379,0.4022595
22470,2033.86,126.4938,0.3928287
22500,2031.34,126.5294,0.3957954
22530,2016.19,125.6456,0.4137089
22560,2023.07,127.014,0.4055573
22590,2021.37,126.5038,0.4075689
22620,2018.53,125.8967,0.4109333
22650,2039.79,126.5763,0.3858619
22680,2039.81,128.113,0.3858384
22710,2023.22,129.379,0.4053798
22740,2004.45,127.0482,0.4276833
22770,2027.1,125.4874,0.4007953
22800,2032.8,126.4445,0.394076
22830,2035.47,127.5431,0.3909352
22860,2022.15,126.795,0.4066457
22890,2032.55,125.8311,0.3943704
22920,2039.25,127.4691,0.3864954
22950,2041.36,127.2996,0.3840208
22980,2024.45,127.2766,0.4039256
23010,2025.52,126.8811,0.4026612
23040,2013.96,124.9815,0.4163571
23070,2043.6,128.0317,0.3813966
23100,2059.57,129.6063,0.3627692
23130,2025.06,129.256,0.4032047
23160,2022.48,126.6008,0.4062552
23190,2028.88,127.4595,0.3986949
23220,2017.9,126.285,0.4116803
23250,2021.88,128.6871,0.4069653
23280,2017.02,126.1785,0.412724
23310,2028.15,126.2524,0.399556
23340,2034.25,126.5824,0.3923697
23370,2025.07,126.13,0.4031929
23400,2017.37,127.0844,0.4123089
23430,2023.46,127.2452,0.4050961
23460,2032.48,126.5972,0.3944528
23490,2010.51,125.4241,0.4204598
23520,2029.51,126.462,0.397952
23550,2019.72,125.7917,0.4095231
23580,2039.45,126.7645,0.3862609
23610,2017.26,125.55,0.4124393
23640,2039.35,127.4235,0.3863781
23670,2016.87,126.9806,0.412902
23700,2014.18,126.6531,0.4160955
23730,2017.12,127.1724,0.4126055
23760,1999.3,126.3979,0.4338391
23790,2005.18,127.5803,0.426812
23820,2020.59,128.289,0.4084926
23850,2018.15,125.3147,0.4113838
23880,2020.59,124.9838,0.4084926
23910,2027.12,126.6558,0.4007717
23940,2002.59,124.9599,0.4299048
23970,2004.37,125.8365,0.4277788
24000,2018.74,126.6701,0.4106844
24030,2017.07,124.5811,0.4126648
24060,2038.43,129.0685,0.3874578
24090,2016.57,127.3281,0.4132579
24120,2022.54,126.1848,0.4061842
24150,2028.52,126.1122,0.3991196
24180,2023.77,125.3119,0.4047293
24210,1991.59,125.3423,0.4430851
24240,2010.39,126.4526,0.4206025
24270,2018.84,125.363,0.4105659
24300,2017.47,125.8337,0.4121903
24330,2021.66,127.6136,0.4072256
24360,2001.51,125.6196,0.4311956
24390,2005.19,123.6687,0.4268001
24420,2011.27,129.2946,0.4195554
24450,1996.1,126.1001,0.4376725
24480,2010.23,125.5395,0.4207931
24510,2008.84,126.2242,0.4224483
24540,2011.53,127.1497,0.4192461
24570,2010.6,125.8787,0.4203527
24600,2031.18,125.9262,0.3959837
24630,1995.07,125.2776,0.4389075
24660,2008.76,125.5946,0.4225435
24690,2002.1,123.6829,0.4304904
24720,2003.45,123.9355,0.4288774
24750,2012.43,126.1216,0.4181756
24780,2031.75,126.6804,0.3953123
24810,2009.89,126.5277,0.4211978
24840,2017.91,125.3848,0.4116683
24870,2003.98,126.784,0.4282444
24900,2007.99,124.9989,0.423461
24930,2021.42,126.4455,0.4075096
24960,2024.18,126.4909,0.4042446
24990,2007.46,124.4221,0.4240927
25020,2023.77,126.2432,0.4047293
25050,2006.4,125.531,0.4253564
25080,1996.71,124.6237,0.4369413
25110,2010.29,125.7489,0.4207215
25140,2011.98,126.18,0.4187108
25170,2014.22,126.3794,0.4160483
25200,2020.82,126.2632,0.4082202
25230,2007.0,125.0931,0.4246411
25260,2007.36,125.7121,0.4242119
25290,1995.8,125.6327,0.438032
25320,2023.51,125.6183,0.4050369
25350,2010.77,126.3541,0.4201504
25380,2037.44,126.9542,0.3886204
25410,2001.71,125.9166,0.4309565
25440,1996.32,124.4473,0.4374087
25470,2003.64,124.7846,0.4286504
25500,2017.4,125.9058,0.4122732
25530,2019.86,124.9381,0.4093571
25560,2003.94,126.6506,0.4282922
25590,1995.52,124.268,0.4383677
25620,2000.59,125.9061,0.4322958
25650,2003.86,124.6726,0.4283878
25680,2009.71,125.914,0.4214122
25710,1988.15,124.354,0.4472218
25740,2009.29,125.043,0.4219121
25770,1979.22,121.8313,0.4579942
25800,2006.19,124.8964,0.4256071
25830,2004.18,125.7902,0.4280056
25860,1989.2,124.7263,0.4459584
25890,1999.51,125.2598,0.4335879
25920,1986.48,124.8378,0.4492327
25950,2002.89,125.9986,0.4295464
25980,1994.31,124.9605,0.439819
26010,2002.21,125.6962,0.430359
26040,1992.21,125.0597,0.4423402
26070,2022.63,126.0724,0.4060777
26100,2007.39,125.352,0.424176
26130,2018.05,125.9377,0.4115024
26160,2006.46,125.8899,0.425285
26190,2010.58,125.0918,0.4203764
26220,1998.23,125.0478,0.4351203
26250,1993.68,126.3195,0.4405752
26280,2007.14,125.9018,0.4244741
26310,1994.82,122.2216,0.4392074
26340,1989.48,124.9625,0.4456216
26370,1990.32,125.3258,0.4446116
26400,2001.25,126.1258,0.4315064
26430,2013.57,125.7204,0.4168205
26460,1999.09,124.7504,0.4340907
26490,2003.8,124.9157,0.4284594
26520,2000.27,125.0384,0.4326786
26550,2000.35,125.5425,0.432583
26580,2003.16,125.62,0.4292237
26610,1990.93,124.6109,0.4438781
26640,1990.75,120.3921,0.4440945
26670,1998.45,126.1017,0.4348568
26700,1996.53,123.3383,0.4371569
26730,1986.78,126.6897,0.4488713
26760,1999.1,123.2695,0.4340787
26790,1989.92,124.1904,0.4450925
26820,1983.67,121.976,0.45262
26850,1979.54,124.0419,0.4576072
26880,1989.55,122.8401,0.4455374
26910,1988.89,124.4029,0.4463313
26940,1995.94,123.5846,0.4378642
26970,1985.37,124.0337,0.4505701
27000,1996.54,124.7416,0.4371449
27030,2007.24,127.4049,0.4243549
27060,1996.32,122.8108,0.4374087
27090,1995.23,126.5741,0.4387156
27120,2003.52,124.3116,0.4287938
27150,2005.86,125.7857,0.4260005
27180,1995.73,121.9011,0.438116
27210,1980.42,124.5165,0.4565436
27240,1992.48,122.9886,0.442016
27270,1981.05,123.1976,0.4557827
27300,1974.41,120.7111,0.4638165
27330,2023.77,127.5067,0.4047293
27360,1986.04,123.6151,0.4497628
27390,1957.19,122.1186,0.4847784
27420,1984.6,121.693,0.4514985
27450,1972.27,122.8548,0.4664115
27480,1976.41,121.3677,0.4613938
27510,1994.15,124.0449,0.4400112
27540,1976.98,120.727,0.4607039
27570,1989.12,124.8669,0.4460546
27600,1982.27,120.9331,0.4543094
27630,1979.72,124.9533,0.4573897
27660,1980.83,121.539,0.4560484
27690,1983.31,124.3041,0.4530542
27720,1992.94,122.5638,0.4414637
27750,1977.85,123.2823,0.4596511
27780,1975.44,112.3425,0.4625686
27810,1977.31,125.5515,0.4603044
27840,1990.66,122.8383,0.4442028
27870,1984.75,125.5306,0.4513176
27900,1999.5,125.2423,0.4335999
27930,1971.2,122.9359,0.4677103
27960,1977.11,121.3311,0.4605465
27990,1999.69,126.2846,0.4333726
28020,2005.59,123.63,0.4263227
28050,1980.58,123.2571,0.4563505
28080,1996.37,122.2941,0.4373487
28110,1974.64,123.7251,0.4635377
28140,1979.73,121.8344,0.4573776
28170,1980.63,124.9617,0.4562899
28200,1981.67,120.8069,0.4550337
28230,1960.36,125.4166,0.4809056
28260,1991.29,123.9488,0.4434455
28290,1959.71,122.2363,0.4816992
28320,1988.88,122.4385,0.4463434
28350,1958.36,122.1141,0.4833481
28380,1983.92,122.0953,0.4523184
28410,1985.75,124.4448,0.4501121
28440,1975.23,120.5766,0.462823
28470,1973.42,123.6137,0.4650167
28500,1982.56,123.1906,0.4539593
28530,1964.1,122.7525,0.4763447
28560,1985.75,121.8445,0.4501121
28590,1978.86,123.7076,0.4584294
28620,1981.16,121.5725,0.4556497
28650,1974.69,123.8257,0.4634773
28680,1969.42,121.0605,0.469872
28710,1972.65,123.2648,0.4659505
28740,1978.27,122.2075,0.459143
28770,1970.47,123.7678,0.4685965
28800,1969.92,119.9756,0.4692644
28830,1973.59,122.6447,0.4648107
28860,1971.57,119.2835,0.4672611
28890,1973.0,121.8622,0.4655262
28920,1964.6,120.7386,0.4757357
28950,1960.37,121.1759,0.4808933
28980,1951.92,118.2508,0.4912302
29010,1952.76,119.1856,0.4902006
29040,1956.01,120.0283,0.4862212
29070,1980.31,120.1864,0.4566766
29100,1971.68,121.8826,0.4671274
29130,1979.87,124.0322,0.4572083
29160,1974.32,120.2511,0.4639256
29190,1955.04,119.2297,0.4874082
29220,1965.02,119.5726,0.4752241
29250,1978.64,122.3052,0.4586954
29280,2001.32,123.9201,0.4314229
29310,1949.48,123.0675,0.4942233
29340,1969.79,121.0827,0.4694223
29370,1971.33,123.9442,0.4675525
29400,1985.72,121.87,0.4501484
29430,1962.86,122.4347,0.477856
29460,1986.49,120.724,0.4492207
29490,1945.37,121.5574,0.4992734
29520,1954.49,119.5793,0.4880816
29550,1959.44,122.3325,0.4820289
29580,1959.02,120.006,0.4825418
29610,1987.82,123.848,0.4476192
29640,1955.48,120.3262,0.4868698
29670,1986.77,124.1867,0.4488833
29700,1941.31,118.8272,0.5042727
29730,1943.91,121.4048,0.50107
29760,1970.41,120.9358,0.4686693
29790,1968.28,123.215,0.4712575
29820,1948.3,119.6684,0.4956721
29850,1967.69,122.6368,0.471975
29880,1942.59,119.4905,0.5026955
29910,1973.96,123.4098,0.464362
29940,1963.81,119.3533,0.476698
29970,1968.07,123.6391,0.4715129
30000,1989.05,122.2681,0.4461389
30030,1960.75,122.9919,0.4804297
30060,1973.71,121.1523,0.4646651
30090,1963.23,122.9961,0.4774048
30120,1969.77,120.1972,0.4694466
30150,1981.51,124.0238,0.455227
30180,1965.0,121.004,0.4752485
30210,1950.73,122.5868,0.4926895
30240,1972.08,120.9852,0.4666421
30270,1957.9,124.0605,0.4839102
30300,1953.94,120.0168,0.4887551
30330,1946.71,121.4097,0.4976258
30360,1951.93,120.7739,0.4912178
30390,1943.24,119.4936,0.501895
30420,1963.39,137.0654,0.4772099
30450,1960.72,122.7639,0.4804663
30480,1968.21,122.682,0.4713426
30510,1959.77,121.937,0.4816259
30540,1970.66,123.0648,0.4683657
30570,1948.2,119.4185,0.495795
30600,1950.92,120.9732,0.4924563
30630,1942.28,119.8302,0.5030773
30660,1946.95,123.5462,0.4973308
30690,1951.9,120.0012,0.4912547
30720,1949.68,121.6886,0.4939778
30750,1945.49,121.3994,0.4991258
30780,1984.83,122.6623,0.4512212
30810,1954.21,120.6825,0.4884243
30840,1965.11,123.5777,0.4751146
30870,1960.46,122.775,0.4807835
30900,1930.92,121.2094,0.5171141
30930,1959.62,122.0069,0.481809
30960,1964.1,122.9108,0.4763447
30990,1929.49,120.2317,0.5188869
31020,1954.6,122.4756,0.4879469
31050,1969.91,121.6584,0.4692766
31080,1932.92,118.4773,0.5146368
31110,1941.33,122.1379,0.5042481
31140,1973.14,123.7293,0.4653563
31170,1957.05,122.1479,0.4849492
31200,1959.17,122.6171,0.4823585
31230,1945.66,121.9261,0.4989167
31260,1946.65,121.3512,0.4976995
31290,1959.68,122.0611,0.4817357
31320,1953.19,122.0129,0.4896739
31350,1944.65,120.9239,0.5001592
31380,1932.49,119.9531,0.5151694
31410,1940.35,120.7469,0.5054564
31440,1958.51,120.5312,0.4831648
31470,1946.78,120.47,0.4975396
31500,1925.86,119.4161,0.5233932
31530,1929.93,120.7331,0.5183414
31560,1932.55,119.0126,0.515095
31590,1940.62,122.5265,0.5051233
31620,1934.44,119.7095,0.5127559
31650,1938.56,119.3637,0.5076649
31680,1930.89,120.8564,0.5171513
31710,1924.82,119.3899,0.5246858
31740,1936.34,121.8337,0.5104069
31770,1937.69,121.2035,0.5087391
31800,1960.82,122.423,0.4803442
31830,1954.61,121.4843,0.4879347
31860,1950.98,122.0497,0.4923828
31890,1952.7,120.1265,0.4902742
31920,1955.06,121.2542,0.4873837
31950,1930.84,119.8515,0.5172133
31980,1932.62,118.9625,0.5150083
32010,1940.74,120.9553,0.5049755
32040,1937.83,120.8714,0.5085661
32070,1966.04,123.311,0.4739823
32100,1941.75,119.775,0.5037305
32130,1936.95,121.4337,0.5096531
32160,1929.62,119.7087,0.5187258
32190,1928.72,119.4018,0.5198422
32220,1943.26,119.6042,0.5018703
32250,1931.3,120.3708,0.5166433
32280,1937.07,121.3377,0.5095048
32310,1933.57,119.9382,0.5138323
32340,1941.65,121.6447,0.5038536
32370,1914.95,120.1548,0.5369875
32400,1954.78,120.9344,0.4877266
32430,1948.46,121.2182,0.4954757
32460,1934.75,119.312,0.5123725
32490,1930.07,120.9022,0.5181679
32520,1934.24,119.8554,0.5130034
32550,1929.07,120.2897,0.5194079
32580,1928.28,120.6368,0.5203879
32610,1914.67,118.3221,0.5373373
32640,1933.58,119.3386,0.5138201
32670,1927.1,120.4463,0.5218529
32700,1920.96,119.2917,0.5294891
32730,1922.89,120.782,0.5270862
32760,1925.26,119.9438,0.5241386
32790,1934.92,119.7684,0.5121622
32820,1908.85,120.5248,0.5446222
32850,1921.35,119.5973,0.5290034
32880,1924.31,120.8224,0.5253197
32910,1940.52,121.5622,0.5052466
32940,1936.92,120.3899,0.50969
32970,1970.62,123.6136,0.4684143
33000,1933.77,120.0421,0.5135848
33030,1917.15,119.0917,0.5342399
33060,1930.32,121.6749,0.5178579
33090,1928.0,119.4999,0.5207356
33120,1929.88,119.5445,0.5184033
33150,1944.18,121.1982,0.5007376
33180,1914.92,118.7565,0.537025
33210,1902.52,118.6634,0.5525705
33240,1921.09,118.8679,0.5293273
33270,1924.39,120.6069,0.5252202
33300,1913.56,119.4252,0.538725
33330,1917.85,119.0215,0.5333664
33360,1906.64,117.2609,0.5473943
33390,1911.52,115.4364,0.5412774
33420,1936.62,121.6042,0.5100607
33450,1919.7,119.7776,0.5310594
33480,1928.61,120.0707,0.5199786
33510,1918.45,119.6413,0.532618
33540,1933.38,134.5444,0.5140674
33570,1930.28,119.9067,0.5179074
33600,1906.4,115.325,0.5476954
33630,1949.51,122.3021,0.4941864
33660,1929.13,120.1757,0.5193334
33690,1913.26,118.7508,0.5391002
33720,1912.41,118.3755,0.5401635
33750,1929.31,120.4608,0.5191102
33780,1922.87,119.91,0.5271111
33810,1952.19,120.549,0.4908993
33840,1926.2,121.3464,0.5229707
33870,1914.45,119.2965,0.5376125
33900,1928.11,120.9333,0.5205989
33930,1940.33,121.9102,0.5054811
33960,1909.9,119.3039,0.5433064
33990,1910.69,119.6753,0.5423167
34020,1905.16,117.5971,0.5492525
34050,1907.13,118.7183,0.5467794
34080,1887.71,116.9169,0.571271
34110,1900.75,118.5264,0.5547979
34140,1897.16,117.8921,0.5593218
34170,1906.71,117.9529,0.5473064
34200,1922.24,119.3723,0.5278953
34230,1913.06,118.6258,0.5393503
34260,1919.88,119.9,0.5308349
34290,1914.04,119.7647,0.5381248
34320,1914.76,134.3666,0.5372249
34350,1926.67,116.1118,0.5223868
34380,1892.5,119.0818,0.5652068
34410,1906.24,119.2101,0.5478964
34440,1917.56,119.2169,0.5337282
34470,1915.69,119.7895,0.536063
34500,1925.25,120.0953,0.5241512
34530,1901.26,119.2128,0.5541559
34560,1904.7,118.9217,0.5498303
34590,1899.33,119.1377,0.5565863
34620,1911.01,120.2425,0.5419159
34650,1913.92,120.1314,0.538275
34680,1916.56,118.5517,0.5349764
34710,1867.89,116.9867,0.5965281
34740,1901.17,121.8776,0.5542691
34770,1895.99,119.4779,0.560798
34800,1898.45,117.3534,0.5576954
34830,1908.2,118.189,0.5454373
34860,1909.1,119.3988,0.5443088
34890,1916.98,120.3476,0.5344522
34920,1908.94,119.3809,0.5445095
34950,1888.76,117.7852,0.5699403
34980,1904.27,118.3934,0.5503706
35010,1888.58,117.3696,0.5701685
35040,1901.37,118.9,0.5540176
35070,1904.8,120.0447,0.5497046
35100,1904.54,118.4101,0.5500313
35130,1901.21,119.5511,0.5542189
35160,1907.76,118.1097,0.545989
35190,1876.83,117.7472,0.5851028
35220,1877.39,117.8784,0.5843889
35250,1908.68,119.6937,0.5448352
35280,1894.33,117.9804,0.562894
35310,1870.68,116.7146,0.5929568
35340,1892.8,119.6907,0.5648274
35370,1904.5,119.5138,0.5500816
35400,1895.08,117.5247,0.5619469
35430,1873.07,117.1604,0.5899015
35460,1906.54,118.6784,0.5475196
35490,1903.9,119.5255,0.5508356
35520,1904.07,118.1963,0.550622
35550,1878.35,117.137,0.5831656
35580,1887.4,117.8636,0.571664
35610,1885.12,117.1169,0.5745564
35640,1880.72,116.9077,0.5801482
35670,1884.21,118.8026,0.5757118
35700,1883.75,116.7284,0.5762961
35730,1879.89,117.7847,0.5812044
35760,1893.45,118.6978,0.5640059
35790,1900.41,119.0077,0.5552259
35820,1868.97,117.0594,0.5951451
35850,1913.6,121.382,0.5386751
35880,1869.18,117.7865,0.5948761
35910,1904.74,119.7815,0.5497799
35940,1894.4,118.4484,0.5628056
35970,1904.84,118.1344,0.5496545
36000,1866.03,117.0029,0.5989122
36030,1876.99,117.7539,0.5848987
36060,1885.11,118.6137,0.5745692
36090,1892.68,118.555,0.564979
36120,1902.61,119.972,0.5524574
36150,1894.89,119.6211,0.5621867
36180,1867.08,117.7414,0.5975663
36210,1890.97,117.7614,0.5671421
36240,1888.17,117.3976,0.5706878
36270,1913.93,119.1396,0.5382623
36300,1864.78,116.3352,0.6005157
36330,1883.95,118.9768,0.5760422
36360,1892.66,119.3819,0.5650043
36390,1890.25,117.9892,0.5680533
36420,1906.59,118.1987,0.5474571
36450,1870.12,118.2399,0.5936732
36480,1897.91,117.4545,0.5583759
36510,1907.68,117.6705,0.5460894
36540,1893.24,117.6138,0.5642714
36570,1887.52,119.3983,0.5715118
36600,1883.13,117.6467,0.5770837
36630,1901.89,131.4084,0.5533631
36660,1885.75,117.898,0.5737569
36690,1874.68,119.4669,0.5878455
36720,1894.92,117.565,0.5621487
36750,1876.62,117.5535,0.5853705
36780,1870.92,115.829,0.5926496
36810,1868.0,117.416,0.5963873
36840,1872.93,117.2521,0.5900802
36870,1874.32,119.1641,0.588305
36900,1899.91,118.1418,0.5558557
36930,1862.06,117.8538,0.6040086
36960,1878.35,117.8907,0.5831656
36990,1846.35,115.1864,0.6242831
37020,1878.67,117.8889,0.5827579
37050,1855.23,130.7745,0.6128019
37080,1868.08,117.2991,0.5962849
37110,1877.07,117.491,0.5847969
37140,1880.59,117.7767,0.5803136
37170,1874.65,118.1489,0.5878838
37200,1867.45,115.9773,0.5970921
37230,1885.27,118.5267,0.5743659
37260,1877.2,117.0378,0.584631
37290,1870.25,117.9457,0.5935069
37320,1893.54,119.0602,0.5638921
37350,1868.47,115.8757,0.5957854
37380,1865.58,117.8598,0.5994894
37410,1854.29,117.2366,0.6140147
37440,1870.13,117.6982,0.5936603
37470,1848.27,116.6579,0.6217959
37500,1878.88,117.2103,0.5824904
37530,1839.28,115.3332,0.6334636
37560,1865.63,117.0534,0.5994253
37590,1862.85,117.703,0.6029936
37620,1873.83,117.1553,0.5889308
37650,1856.55,116.2835,0.6111
37680,1871.92,117.2697,0.5913711
37710,1868.2,117.4129,0.5961313
37740,1839.71,115.5521,0.6329042
37770,1862.69,116.2068,0.6031992
37800,1824.31,116.1145,0.6530193
37830,1866.34,117.8905,0.5985147
37860,1871.44,118.4966,0.5919848
37890,1907.32,117.2931,0.5465411
37920,1860.6,113.4078,0.6058857
37950,1870.19,116.768,0.5935838
37980,1855.31,114.0421,0.6126988
38010,1860.61,117.0153,0.6058727
38040,1844.05,114.9271,0.6272659
38070,1862.19,117.7019,0.6038416
38100,1868.33,115.2954,0.5959646
38130,1867.52,115.3959,0.5970023
38160,1823.81,112.2118,0.6536753
38190,1856.77,115.8191,0.6108165
38220,1838.61,112.911,0.6343353
38250,1843.49,115.9649,0.6279926
38280,1860.6,116.3063,0.6058857
38310,1857.69,116.7149,0.6096312
38340,1853.46,115.4308,0.6150861
38370,1840.61,114.8403,0.6317339
38400,1844.98,113.9119,0.6260594
38430,1838.91,115.6865,0.6339449
38460,1849.15,113.5866,0.620657
38490,1858.04,115.528,0.6091804
38520,1850.09,114.7117,0.6194408
38550,1849.68,116.9191,0.6199712
38580,1884.66,114.9786,0.5751404
38610,1832.13,115.2926,0.642784
38640,1828.35,114.2372,0.6477261
38670,1843.41,116.2198,0.6280965
38700,1864.35,115.7962,0.6010675
38730,1829.5,114.3627,0.6462214
38760,1854.68,114.4481,0.6135113
38790,1843.15,114.9183,0.6284339
38820,1840.97,115.7204,0.6312659
38850,1826.54,114.8568,0.6500961
38880,1819.33,116.0152,0.6595605
38910,1841.24,115.6438,0.6309149
38940,1842.02,113.9445,0.6299014
38970,1827.51,115.7684,0.6488256
39000,1851.3,113.7177,0.6178763
39030,1835.01,114.7159,0.6390254
39060,1848.59,114.2902,0.6213818
39090,1831.21,116.3995,0.6439858
39120,1849.82,115.608,0.6197902
39150,1861.75,116.829,0.604407
39180,1832.32,113.8477,0.6425359
39210,1866.24,117.0418,0.598643
39240,1877.28,114.9225,0.584529
39270,1846.94,115.7627,0.6235187
39300,1868.32,115.7005,0.5959775
39330,1827.08,113.2481,0.6493888
39360,1845.68,112.3678,0.6251516
39390,1863.64,117.25,0.601979
39420,1848.83,114.8956,0.6210712
39450,1827.23,114.9076,0.6491923
39480,1860.65,115.258,0.6058212
39510,1814.94,115.3882,0.6653417
39540,1861.04,113.7304,0.6053197
39570,1852.61,116.6695,0.6161837
39600,1847.79,113.5473,0.6224175
39630,1843.12,116.5313,0.6284729
39660,1838.69,113.4674,0.6342315
39690,1824.76,114.0093,0.6524293
39720,1828.57,112.379,0.6474382
39750,1835.48,114.6238,0.6384125
39780,1835.52,112.9804,0.6383603
39810,1838.0,115.1085,0.6351295
39840,1841.16,114.3687,0.6310189
39870,1826.02,113.6629,0.6507774
39900,1858.51,115.8117,0.608575
39930,1822.71,114.5357,0.6551191
39960,1829.32,113.0178,0.6464569
39990,1838.12,115.3785,0.6349733
40020,1855.3,116.2722,0.6127115
40050,1825.4,115.5633,0.6515901
40080,1850.45,112.7084,0.6189754
40110,1846.02,115.2264,0.6247108
40140,1838.18,113.2949,0.6348951
40170,1837.81,115.4081,0.6353767
40200,1817.42,113.9454,0.662074
40230,1843.69,117.7467,0.627733
40260,1819.59,112.8505,0.6592186
40290,1812.3,113.9553,0.6688246
40320,1846.14,114.6837,0.6245553
40350,1813.25,114.5196,0.6675708
40380,1827.29,112.5364,0.6491136
40410,1806.53,115.4413,0.6764555
40440,1808.44,112.5215,0.673927
40470,1830.99,115.4678,0.6442733
40500,1806.52,112.6244,0.6764687
40530,1806.19,114.1997,0.676906
40560,1826.97,114.8987,0.6495328
40590,1814.27,115.0187,0.666225
40620,1808.06,112.438,0.6744297
40650,1819.86,114.6707,0.6588634
40680,1819.01,112.9274,0.6599813
40710,1826.55,113.7877,0.6500828
40740,1818.26,112.9262,0.6609683
40770,1796.9,113.51,0.6892455
40800,1804.39,111.439,0.6792918
40830,1816.76,115.0189,0.6629431
40860,1853.11,114.1833,0.6155379
40890,1811.64,114.0011,0.6696964
40920,1825.63,113.6291,0.6512887
40950,1826.18,113.1248,0.6505677
40980,1822.67,104.0069,0.6551715
41010,1806.68,114.8969,0.6762568
41040,1790.36,111.2519,0.6979708
41070,1822.87,115.7763,0.6549089
41100,1797.19,112.0908,0.6888594
41130,1788.12,115.1291,0.7009665
41160,1813.0,111.5432,0.6679007
41190,1793.61,112.8602,0.6936307
41220,1812.54,113.2306,0.6685078
41250,1813.03,113.4324,0.6678611
41280,1795.82,111.1104,0.6906842
41310,1809.58,114.1643,0.672419
41340,1802.71,110.0904,0.6815208
41370,1795.52,113.205,0.6910839
41400,1801.54,112.5856,0.6830744
41430,1775.67,110.9074,0.7176857
41460,1803.88,111.841,0.6799683
41490,1798.18,112.282,0.6875415
41520,1823.17,113.0402,0.6545152
41550,1806.52,115.2693,0.6764687
41580,1803.46,110.8107,0.6805255
41610,1781.95,112.1119,0.7092376
41640,1807.55,112.1426,0.6751048
41670,1813.49,112.1937,0.667254
41700,1803.95,112.9113,0.6798755
41730,1796.16,113.1442,0.6902311
41760,1808.14,113.6924,0.6743239
41790,1816.35,115.6694,0.6634833
41820,1797.78,113.1648,0.6880737
41850,1806.81,113.8384,0.6760846
41880,1795.2,112.891,0.6915104
41910,1780.07,112.6182,0.7117636
41940,1806.85,113.37,0.6760318
41970,1797.8,111.6939,0.688047
42000,1792.68,113.3585,0.6948717
42030,1791.57,115.3605,0.6963541
42060,1794.14,112.4927,0.6929237
42090,1794.95,113.4764,0.6918438
42120,1783.99,112.8963,0.7064997
42150,1759.38,111.2132,0.7397395
42180,1779.6,111.9386,0.7123954
42210,1782.19,112.5598,0.7089154
42240,1795.45,113.5162,0.6911772
42270,1809.26,114.0302,0.6728421
42300,1817.06,114.1579,0.6625481
42330,1810.11,115.2114,0.6717182
42360,1787.83,112.8133,0.7013545
42390,1777.67,114.1312,0.7149918
42420,1763.97,111.1707,0.7335051
42450,1792.9,114.897,0.6945782
42480,1784.17,112.2427,0.7062582
42510,1775.9,123.8582,0.7173757
42540,1767.22,111.6151,0.7291002
42570,1788.49,112.9183,0.7004713
42600,1782.29,111.8698,0.708781
42630,1781.57,112.6037,0.709748
42660,1776.52,112.7498,0.7165404
42690,1797.67,113.5464,0.6882203
42720,1775.26,112.0027,0.7182382
42750,1779.52,112.8247,0.7125029
42780,1781.43,113.0012,0.709936
42810,1793.18,112.3583,0.6942046
42840,1781.46,112.1603,0.7098957
42870,1770.5,112.222,0.724663
42900,1781.09,112.9408,0.7103929
42930,1785.78,108.5608,0.7040999
42960,1767.98,110.1568,0.7280713
42990,1786.76,113.5029,0.7027871
43020,1762.71,110.7288,0.7352149
43050,1768.53,111.7674,0.7273269
43080,1784.84,114.3643,0.7053599
43110,1783.09,113.9212,0.7077072
43140,1768.61,110.8339,0.7272187
43170,1779.63,112.076,0.7123551
43200,1759.33,111.7302,0.7398078
43230,1747.55,112.1634,0.7558837
43260,1749.69,112.2423,0.7529554
43290,1759.86,122.8521,0.739087
43320,1794.8,112.3285,0.6920435
43350,1770.62,112.6806,0.7245007
43380,1796.42,112.8381,0.6898848
43410,1766.82,112.124,0.7296419
43440,1759.54,110.7224,0.739522
43470,1765.55,112.178,0.7313624
43500,1780.75,113.5586,0.7108495
43530,1753.61,111.7425,0.7476003
43560,1777.41,112.6382,0.7153419
43590,1753.72,111.0852,0.7474503
43620,1837.16,115.3977,0.6362233
43650,1768.85,112.9655,0.7268941
43680,1784.68,113.0438,0.7055743
43710,1776.44,112.2088,0.7166482
43740,1773.04,111.9134,0.7212325
43770,1754.22,109.0622,0.746768
43800,1780.25,111.6938,0.7115215
43830,1776.72,112.3472,0.7162711
43860,1780.57,112.4173,0.7110915
43890,1792.9,113.0696,0.6945782
43920,1740.33,108.2626,0.7657907
43950,1753.75,111.4072,0.7474092
43980,1762.29,111.3041,0.735785
44010,1757.14,110.7979,0.7427881
44040,1759.23,110.6513,0.7399436
44070,1758.34,111.8185,0.7411545
44100,1749.7,111.0298,0.7529418
44130,1760.04,111.2393,0.7388421
44160,1762.98,110.7518,0.7348483
44190,1763.33,112.3117,0.7343734
44220,1746.87,109.7489,0.7568151
44250,1760.53,111.4384,0.7381761
44280,1747.83,110.4986,0.7555005
44310,1735.24,109.0708,0.7727997
44340,1752.07,109.9579,0.7497027
44370,1756.97,112.1289,0.7430196
44400,1748.99,110.6551,0.7539129
44430,1759.42,111.6392,0.7396852
44460,1754.97,111.97,0.7457452
44490,1759.19,112.0905,0.7399981
44520,1774.73,112.2023,0.7189528
44550,1729.68,108.2667,0.7804792
44580,1825.88,114.9583,0.6509609
44610,1778.14,111.5122,0.7143593
44640,1743.25,109.3582,0.7617791
44670,1733.95,110.0188,0.7745793
44700,1741.49,110.1716,0.7641963
44730,1758.38,111.1109,0.7411001
44760,1722.61,110.3441,0.7902802
44790,1732.02,109.0413,0.7772441
44820,1757.99,110.1545,0.7416308
44850,1747.74,110.2888,0.7556237
44880,1717.15,108.8293,0.7978767
44910,1757.97,111.2383,0.7416582
44940,1766.46,110.8847,0.7301296
44970,1748.84,110.4716,0.7541181
45000,1730.91,110.1103,0.7787781
45030,1756.57,111.7115,0.7435646
45060,1758.0,111.9376,0.7416173
45090,1735.5,110.1209,0.7724412
45120,1755.77,112.1061,0.7446546
45150,1738.96,109.55,0.7676752
45180,1745.01,110.3062,0.7593643
45210,1721.63,109.1944,0.791642
45240,1733.13,111.7481,0.775711
45270,1703.0,107.6043,0.8176771
45300,1759.17,111.5527,0.7400251
45330,1737.45,110.0583,0.7697538
45360,1751.24,109.9395,0.7508364
45390,1736.03,111.9587,0.7717102
45420,1718.72,108.9428,0.7956901
45450,1729.51,108.798,0.7807143
45480,1710.68,110.0318,0.80691
45510,1710.28,108.7413,0.8074697
45540,1728.11,108.6172,0.7826523
45570,1743.31,112.0689,0.7616968
45600,1715.62,108.4914,0.80001
45630,1723.87,119.599,0.7885306
45660,1756.7,110.9791,0.7433876
45690,1731.21,109.4777,0.7783634
45720,1715.79,109.1425,0.7997728
45750,1746.29,110.8783,0.7576098
45780,1745.19,110.6553,0.7591178
45810,1713.09,110.2871,0.8035413
45840,1748.64,110.3649,0.7543918
45870,1724.76,109.425,0.7872955
45900,1698.63,109.2513,0.8238254
45930,1734.69,111.1687,0.7735583
45960,1709.2,108.3468,0.8089813
45990,1731.43,109.6051,0.7780594
46020,1724.92,108.0753,0.7870733
46050,1752.23,110.466,0.749484
46080,1745.83,109.5407,0.7582402
46110,1734.5,110.6111,0.7738203
46140,1708.93,108.7979,0.8093594
46170,1792.59,112.4405,0.694992
46200,1705.74,108.7774,0.8138302
46230,1721.06,109.4938,0.7924343
46260,1707.22,108.4348,0.8117548
46290,1736.82,109.4516,0.7706218
46320,1743.77,110.8939,0.7610654
46350,1726.06,107.7077,0.7854926
46380,1712.15,109.8189,0.8048548
46410,1698.5,108.7807,0.8240086
46440,1709.7,108.6778,0.8082813
46470,1738.91,110.0674,0.7677438
46500,1704.18,107.8965,0.8160196
46530,1718.05,109.168,0.796623
46560,1718.46,109.3854,0.796052
46590,1710.12,108.2744,0.8076935
46620,1707.64,107.6591,0.8111663
46650,1730.11,109.8621,0.7798844
46680,1703.59,107.2576,0.8168484
46710,1714.8,108.8225,0.8011539
46740,1698.17,107.9493,0.8244735
46770,1692.97,108.6191,0.8318123
46800,1727.27,108.7218,0.7838155
46830,1703.01,107.2368,0.817663
46860,1685.35,106.5119,0.842607
46890,1701.13,108.5896,0.8203061
46920,1712.24,107.4873,0.8047289
46950,1688.39,106.9732,0.8382945
46980,1700.07,109.0902,0.8217978
47010,1714.44,108.8052,0.8016563
47040,1717.73,109.1699,0.7970687
47070,1675.57,107.8761,0.8565336
47100,1687.12,107.0979,0.8400952
47130,1742.7,111.22,0.7625342
47160,1699.8,107.5343,0.8221777
47190,1706.84,108.3286,0.8122876
47220,1697.83,108.0744,0.8249528
47250,1709.82,108.2516,0.8081135
47280,1691.39,107.158,0.8340464
47310,1689.13,107.3299,0.8372459
47340,1702.14,106.1469,0.8188857
47370,1699.21,108.9513,0.8230086
47400,1674.49,105.5423,0.8580763
47430,1681.98,106.6029,0.8473967
47460,1732.96,109.197,0.7759458
47490,1692.14,108.6411,0.8329856
47520,1652.22,105.0828,0.8901146
47550,1695.41,108.4125,0.8283657
47580,1696.11,107.871,0.8273781
47610,1687.89,108.031,0.8390034
47640,1702.97,107.7497,0.8177194
47670,1688.65,107.5004,0.8379261
47700,1678.88,105.9568,0.8518108
47730,1677.05,107.9082,0.8544206
47760,1677.53,106.2705,0.8537358
47790,1685.39,106.805,0.8425502
47820,1698.08,106.7442,0.8246004
47850,1705.88,108.9863,0.8136338
47880,1672.15,106.4814,0.8614224
47910,1687.71,107.3493,0.8392585
47940,1667.62,106.4291,0.8679139
47970,1656.36,106.0589,0.8841261
48000,1674.12,105.6851,0.858605
48030,1675.56,107.4179,0.8565475
48060,1702.52,107.0266,0.8183518
48090,1676.97,107.2771,0.8545348
48120,1675.97,105.7013,0.8559623
48150,1689.39,108.0106,0.8368777
48180,1689.26,107.6227,0.8370618
48210,1709.34,106.8449,0.8087852
48240,1676.29,106.9722,0.8555053
48270,1689.54,108.8878,0.8366652
48300,1666.87,105.5441,0.8689904
48330,1689.49,105.9333,0.8367361
48360,1672.0,105.2111,0.8616371
48390,1659.91,106.4826,0.8790029
48420,1661.84,105.4271,0.8762222
48450,1679.0,108.8068,0.8516399
48480,1678.65,105.3568,0.8521387
48510,1655.53,105.6361,0.8853253
48540,1684.22,107.2617,0.844212
48570,1680.91,103.6582,0.8489193
48600,1672.63,106.7611,0.8607358
48630,1691.68,107.6988,0.8336363
48660,1651.57,104.858,0.8910562
48690,1661.02,107.136,0.8774032
48720,1673.97,105.2679,0.8588195
48750,1658.27,104.9559,0.8813684
48780,1648.1,103.9928,0.896089
48810,1670.62,105.8727,0.8636129
48840,1647.32,105.1691,0.8972219
48870,1651.58,105.0328,0.8910418
48900,1648.13,103.7266,0.8960455
48930,1644.36,104.0378,0.9015254
48960,1647.12,105.2098,0.8975124
48990,1645.69,104.3391,0.8995907
49020,1655.62,106.1707,0.8851954
49050,1641.02,103.8843,0.9063909
49080,1640.96,105.0638,0.9064784
49110,1651.65,105.1542,0.8909404
49140,1646.38,105.1912,0.8985878
49170,1647.2,105.3177,0.8973963
49200,1652.9,102.3588,0.8891299
49230,1611.19,101.2687,0.9502889
49260,1647.41,102.595,0.8970911
49290,1661.02,103.5577,0.8774032
49320,1659.42,103.7564,0.8797094
49350,1656.61,105.1327,0.883765
49380,1653.72,104.1396,0.8879432
49410,1665.34,103.9415,0.8711879
49440,1665.08,104.6436,0.8715615
49470,1697.84,106.6205,0.8249387
49500,1636.31,101.5417,0.9132686
49530,1634.7,102.5523,0.9156243
49560,1639.56,105.3656,0.9085206
49590,1665.57,107.318,0.8708574
49620,1620.57,101.4857,0.9363983
49650,1655.08,108.8874,0.885976
49680,1658.05,103.6787,0.8816856
49710,1658.55,106.9261,0.8809642
49740,1647.53,103.6359,0.8969167
49770,1645.03,105.6963,0.9005506
49800,1640.45,102.1607,0.9072223
49830,1684.46,107.3176,0.8438711
49860,1662.88,104.7506,0.8747252
49890,1662.66,105.9877,0.8750419
49920,1666.27,104.5326,0.8698519
49950,1630.86,103.5545,0.9212522
49980,1655.48,103.5749,0.8853978
50010,1638.87,106.1398,0.9095279
50040,1685.32,105.1546,0.8426497
50070,1646.35,105.3643,0.8986313
50100,1620.35,100.9895,0.936723
50130,1642.7,105.2741,0.9039423
50160,1667.37,104.9522,0.8682727
50190,1625.28,104.4716,0.9294535
50220,1612.35,100.0694,0.9485666
50250,1626.32,103.5773,0.9279228
50280,1621.87,101.0636,0.9344792
50310,1655.87,105.8489,0.8848341
50340,1642.7,103.9935,0.9039423
50370,1641.44,105.2165,0.9057786
50400,1636.95,102.0702,0.9123331
50430,1628.75,104.1702,0.92435
50460,1671.35,104.9478,0.8625677
50490,1629.31,102.5544,0.9235274
50520,1629.86,102.777,0.9227199
50550,1633.02,105.9596,0.9180849
50580,1652.82,103.2394,0.8892458
50610,1638.47,104.1334,0.9101121
50640,1624.7,103.043,0.9303077
50670,1643.68,104.9222,0.902515
50700,1634.89,103.3171,0.9153461
50730,1639.01,105.4702,0.9093236
50760,1647.58,103.5517,0.8968442
50790,1599.6,101.7242,0.9675645
50820,1627.27,100.9597,0.9265252
50850,1648.85,104.7653,0.8950004
50880,1631.65,101.6574,0.9200931
50910,1626.84,104.1517,0.927158
50940,1589.79,99.97134,0.9822847
50970,1600.09,102.6019,0.9668314
51000,1637.12,102.8274,0.9120845
51030,1592.56,101.7758,0.978119
51060,1636.88,102.5212,0.9124352
51090,1620.71,103.895,0.9361915
51120,1605.75,99.82899,0.9583818
51150,1649.92,104.2587,0.8934479
51180,1641.44,103.5339,0.9057786
51210,1644.07,102.5204,0.9019476
51240,1600.91,101.2529,0.9656055
51270,1629.62,103.0371,0.9230721
51300,1581.6,100.3388,0.9946442
51330,1608.99,100.5013,0.9535584
51360,1610.13,99.77222,0.9518636
51390,1634.57,105.031,0.9158147
51420,1633.33,103.6537,0.9176307
51450,1611.89,102.53,0.9492495
51480,1605.94,99.94047,0.9580989
51510,1602.73,103.5891,0.9628867
51540,1581.57,100.0231,0.9946895
51570,1590.78,101.9404,0.9807951
51600,1612.14,100.815,0.9488783
51630,1610.8,103.0707,0.9508678
51660,1573.78,99.37275,1.006505
51690,1605.05,103.0598,0.9594253
51720,1613.88,101.5553,0.9462971
51750,1587.4,102.0529,0.9858849
51780,1595.59,99.65314,0.9735707
51810,1614.01,103.5617,0.9461042
51840,1613.15,100.3299,0.9473795
51870,1597.46,103.2724,0.9707679
51900,1590.61,99.72762,0.9810509
51930,1611.56,102.538,0.9497394
51960,1606.56,101.2753,0.9571752
51990,1592.5,100.676,0.9782091
52020,1591.77,100.5993,0.9793063
52050,1594.44,102.5662,0.975296
52080,1596.1,101.225,0.972806
52110,1589.43,102.2508,0.9828266
52140,1604.56,99.68204,0.9601557
52170,1577.81,101.5962,1.000385
52200,1613.32,101.5432,0.9471275
52230,1584.04,102.3054,0.9909553
52260,1603.2,99.41942,0.962185
52290,1613.73,104.2441,0.9465195
52320,1615.58,101.2038,0.9437779
52350,1576.54,101.4924,1.002312
52380,1578.3,100.1788,0.9996421
52410,1569.95,101.039,1.012335
52440,1569.39,99.05982,1.013189
52470,1581.28,101.3442,0.9951283
52500,1608.08,101.5112,0.9549124
52530,1611.43,102.7864,0.9499324
52560,1589.88,98.9757,0.9821494
52590,1574.7,101.5222,1.005107
52620,1583.04,99.36903,0.9924664
52650,1563.84,111.8089,1.021667
52680,1583.53,99.66575,0.9917257
52710,1577.19,101.148,1.001326
52740,1579.36,99.34883,0.9980356
52770,1584.24,100.2378,0.9906531
52800,1587.01,100.1988,0.9864728
52830,1582.1,101.3806,0.9938877
52860,1581.98,98.22579,0.9940693
52890,1573.47,101.7895,1.006976
52920,1584.04,99.29927,0.9909553
52950,1563.45,99.56758,1.022263
52980,1573.48,99.10013,1.006961
53010,1602.2,102.765,0.9636783
53040,1558.8,110.6172,1.029391
53070,1592.81,102.8834,0.9777433
53100,1577.39,103.7624,1.001022
53130,1552.48,101.3372,1.039113
53160,1573.26,99.4789,1.007296
53190,1578.89,101.1879,0.9987477
53220,1574.74,100.2965,1.005046
53250,1598.05,102.5248,0.9698841
53280,1644.83,103.8621,0.9008416
53310,1578.77,101.2262,0.9989298
53340,1566.19,101.7005,1.018073
53370,1580.29,101.022,0.9966269
53400,1521.78,98.17266,1.086906
53430,1560.75,101.5512,1.026399
53460,1571.68,100.5626,1.0097
53490,1535.07,98.62482,1.066099
53520,1571.79,100.9008,1.009532
53550,1571.79,100.6478,1.009532
53580,1566.35,101.0729,1.017829
53610,1549.85,99.35493,1.04317
53640,1565.12,101.6492,1.019709
53670,1555.93,99.47399,1.033801
53700,1539.27,99.99251,1.059561
53730,1567.84,101.084,1.015554
53760,1555.51,100.54,1.034447
53790,1584.27,100.8978,0.9906078
53820,1585.32,101.1386,0.9890224
53850,1572.37,101.1877,1.00865
53880,1540.9,99.66597,1.057028
53910,1566.27,100.9993,1.017951
53940,1551.86,100.1366,1.040068
53970,1552.13,98.84849,1.039652
54000,1549.16,100.0047,1.044235
54030,1525.92,99.29701,1.080405
54060,1546.86,100.1622,1.047791
54090,1527.47,98.5724,1.077976
54120,1560.36,101.5656,1.026997
54150,1513.28,97.71935,1.100309
54180,1560.06,98.10733,1.027457
54210,1548.83,100.0631,1.044745
54240,1548.63,99.91358,1.045054
54270,1520.06,98.31365,1.089612
54300,1594.25,101.0474,0.975581
54330,1530.98,100.1129,1.072483
54360,1540.71,99.25595,1.057323
54390,1543.44,99.12356,1.053087
54420,1594.08,101.6251,0.9758363
54450,1548.44,100.3602,1.045348
54480,1549.78,100.2473,1.043278
54510,1584.4,101.8438,0.9904116
54540,1509.34,97.23076,1.106548
54570,1495.94,93.82294,1.127887
54600,1550.74,110.8887,1.041796
54630,1551.17,100.3217,1.041132
54660,1538.87,98.7398,1.060183
54690,1531.57,99.77046,1.071561
54720,1513.84,98.55919,1.099424
54750,1539.02,99.46249,1.059949
54780,1537.83,99.25195,1.061801
54810,1550.5,99.51545,1.042166
54840,1523.7,100.3201,1.083889
54870,1521.08,100.4065,1.088007
54900,1533.92,98.30017,1.067892
54930,1556.98,99.60143,1.032187
54960,1529.0,99.32957,1.07558
54990,1530.06,88.75887,1.073922
55020,1531.36,98.79596,1.071889
55050,1529.59,98.80367,1.074657
55080,1533.45,98.28504,1.068626
55110,1533.24,99.53773,1.068953
55140,1506.29,98.13887,1.111388
55170,1538.09,99.50526,1.061396
55200,1511.18,97.24077,1.103632
55230,1495.05,97.56515,1.129311
55260,1516.64,97.30422,1.095002
55290,1545.79,99.45451,1.049446
55320,1490.85,96.91457,1.136043
55350,1562.73,100.1861,1.023365
55380,1536.22,98.64819,1.064307
55410,1524.55,99.00438,1.082554
55440,1527.46,98.93729,1.077991
55470,1496.47,96.00806,1.127039
55500,1491.88,96.33045,1.13439
55530,1502.98,97.94268,1.116652
55560,1487.93,96.3787,1.140734
55590,1522.25,98.23383,1.086167
55620,1483.47,95.26079,1.147918
55650,1536.04,99.44301,1.064587
55680,1529.85,97.86037,1.07425
55710,1499.44,96.8188,1.122295
55740,1487.27,96.05932,1.141796
55770,1514.34,99.14598,1.098634
55800,1528.88,97.72506,1.075768
55830,1507.53,96.81561,1.109419
55860,1507.07,98.03557,1.11015
55890,1511.08,98.77551,1.103791
55920,1527.92,99.13829,1.077271
55950,1507.5,98.04117,1.109467
55980,1498.16,95.76728,1.124339
56010,1500.73,97.57977,1.120237
56040,1483.82,95.33889,1.147353
56070,1488.54,97.27037,1.139753
56100,1513.87,98.63316,1.099376
56130,1504.91,97.80139,1.113581
56160,1520.62,109.0281,1.088731
56190,1507.36,98.91887,1.109689
56220,1485.25,94.78763,1.145048
56250,1512.36,99.41511,1.101765
56280,1464.81,93.76983,1.178208
56310,1492.56,95.76901,1.1333
56340,1515.57,97.36271,1.096691
56370,1484.12,95.4166,1.14687
56400,1526.63,97.95955,1.079292
56430,1504.21,97.29498,1.114695
56460,1514.61,98.11393,1.098207
56490,1475.51,95.8191,1.160792
56520,1476.62,95.02523,1.158993
56550,1475.93,94.80468,1.160111
56580,1508.49,97.82923,1.107896
56610,1479.48,95.53998,1.154363
56640,1507.14,97.15842,1.110038
56670,1504.91,97.72422,1.113581
56700,1499.14,96.44468,1.122774
56730,1501.55,98.03004,1.11893
56760,1466.3,93.86092,1.175776
56790,1468.14,95.04258,1.172775
56820,1463.19,91.43079,1.180856
56850,1453.41,93.54178,1.196904
56880,1486.65,95.25412,1.142794
56910,1488.92,95.19919,1.139143
56940,1455.33,91.91994,1.193745
56970,1484.87,95.47496,1.145661
57000,1483.68,94.49506,1.147579
57030,1496.86,97.77268,1.126416
57060,1471.69,92.93005,1.166996
57090,1477.09,95.54766,1.158231
57120,1489.98,95.18828,1.13744
57150,1469.62,95.76738,1.170364
57180,1469.1,93.22087,1.17121
57210,1465.51,96.22139,1.177065
57240,1489.69,97.55772,1.137906
57270,1487.19,95.2819,1.141925
57300,1452.47,92.93723,1.198452
57330,1488.78,97.33629,1.139368
57360,1484.52,94.4799,1.146225
57390,1447.14,93.43337,1.20725
57420,1479.97,94.61717,1.15357
57450,1419.56,91.58727,1.253295
57480,1473.56,92.2438,1.163957
57510,1461.67,94.39429,1.183343
57540,1532.63,97.04021,1.069906
57570,1503.89,97.64157,1.115204
57600,1491.31,94.331,1.135304
57630,1465.94,94.26162,1.176363
57660,1488.63,94.17602,1.139609
57690,1423.27,92.09109,1.247049
57720,1458.31,91.10473,1.18885
57750,1480.12,95.30879,1.153328
57780,1491.33,94.55359,1.135273
57810,1464.59,95.28387,1.178568
57840,1456.61,92.18263,1.191641
57870,1452.86,93.81316,1.19781
57900,1446.35,90.43905,1.208556
57930,1439.16,90.80031,1.220481
57960,1432.14,90.10342,1.232182
57990,1459.78,92.89905,1.18644
58020,1428.97,91.00966,1.237485
58050,1420.68,92.38021,1.251408
58080,1451.28,91.90675,1.200414
58110,1424.26,102.0117,1.245385
58140,1443.93,91.08041,1.212563
58170,1452.15,91.46115,1.19898
58200,1465.24,93.296,1.177506
58230,1454.72,92.83405,1.194748
58260,1458.89,92.55978,1.187899
58290,1450.84,92.47808,1.201139
58320,1447.79,91.02115,1.206175
58350,1450.67,93.69659,1.20142
58380,1440.5,91.33837,1.218255
58410,1452.79,92.82136,1.197925
58440,1444.95,89.91481,1.210874
58470,1457.51,92.62223,1.190163
58500,1465.31,92.45341,1.177392
58530,1453.86,92.17782,1.196163
58560,1445.0,91.97913,1.210791
58590,1447.05,93.62966,1.207398
58620,1454.83,92.50304,1.194568
58650,1444.6,93.13952,1.211453
58680,1434.6,90.23997,1.228076
58710,1461.26,93.71927,1.184015
58740,1424.51,90.78563,1.244965
58770,1434.65,92.36768,1.227992
58800,1418.89,90.25821,1.254424
58830,1452.96,95.06223,1.197645
58860,1425.97,90.46943,1.242514
58890,1479.99,101.6401,1.153538
58920,1419.07,89.01348,1.254121
58950,1441.43,92.04711,1.21671
58980,1411.29,89.08973,1.267276
59010,1402.52,86.96084,1.282192
59040,1442.99,91.4839,1.214122
59070,1436.32,90.64068,1.225208
59100,1413.21,88.61293,1.264023
59130,1428.37,90.44612,1.23849
59160,1436.9,93.09393,1.224242
59190,1448.28,91.00461,1.205365
59220,1401.43,88.4639,1.284053
59250,1420.88,89.75932,1.251071
59280,1431.02,89.82733,1.234054
59310,1411.62,93.40082,1.266717
59340,1415.11,88.72122,1.260808
59370,1458.76,93.52243,1.188112
59400,1397.11,88.29874,1.291441
59430,1399.39,90.27296,1.287539
59460,1468.58,93.73108,1.172058
59490,1360.63,88.52672,1.354752
59520,1405.36,88.27227,1.277352
59550,1402.92,89.96966,1.28151
59580,1438.38,91.05795,1.221779
59610,1405.02,91.44166,1.277931
59640,1395.18,88.53445,1.294748
59670,1414.39,91.5644,1.262025
59700,1426.62,89.84789,1.241423
59730,1418.38,91.99275,1.255285
59760,1415.3,83.28465,1.260486
59790,1416.96,92.34136,1.257682
59820,1395.68,88.19982,1.293891
59850,1387.74,89.5518,1.307543
59880,1411.51,88.50003,1.266903
59910,1413.0,89.8868,1.264378
59940,1399.8,87.65979,1.286837
59970,1380.01,91.48169,1.32091
60000,1417.26,89.72198,1.257175
60030,1364.9,88.107,1.347255
60060,1396.79,87.97282,1.291988
60090,1386.44,90.43939,1.309786
60120,1389.03,88.30943,1.30532
60150,1382.08,89.24868,1.317323
60180,1584.24,98.26774,0.9906531
60210,1403.16,90.21845,1.281101
60240,1407.55,89.30929,1.273626
60270,1385.77,90.14981,1.310943
60300,1369.98,87.37832,1.338365
60330,1411.05,91.05291,1.267683
60360,1443.2,90.508,1.213774
60390,1471.37,94.82249,1.167516
60420,1402.14,88.82522,1.282841
60450,1402.34,90.49365,1.282499
60480,1410.87,89.17734,1.267988
60510,1420.31,91.52343,1.252031
60540,1379.37,87.21906,1.322019
60570,1407.47,90.25245,1.273762
60600,1382.76,88.34039,1.316146
60630,1393.2,91.47214,1.298147
60660,1374.85,86.78623,1.329874
60690,1372.65,87.11616,1.333706
60720,1360.63,87.31503,1.354752
60750,1364.67,89.05215,1.347658
60780,1372.07,89.17776,1.334717
60810,1370.19,89.4043,1.337998
60840,1357.91,89.20096,1.359541
60870,1351.9,88.24801,1.370155
60900,1365.07,87.46593,1.346957
60930,1389.34,86.3271,1.304786
60960,1371.39,87.86351,1.335903
60990,1359.58,88.4671,1.3566
61020,1336.17,87.67146,1.398161
61050,1377.61,88.54364,1.325075
61080,1404.29,90.87581,1.279174
61110,1377.9,89.81234,1.324571
61140,1365.05,87.65975,1.346992
61170,1408.57,90.2615,1.271892
61200,1414.08,91.07284,1.26255
61230,1364.52,89.42447,1.347921
61260,1381.05,89.45033,1.319107
61290,1338.51,86.21509,1.393974
61320,1359.18,89.48025,1.357304
61350,1377.28,89.01629,1.325648
61380,1371.7,87.45636,1.335363
61410,1366.24,87.16002,1.344907
61440,1354.65,87.89441,1.365292
61470,1470.58,94.5222,1.168801
61500,1364.13,88.17905,1.348605
61530,1394.27,89.91903,1.29631
61560,1341.25,86.43809,1.389081
61590,1348.32,86.75775,1.3765
61620,1361.88,88.63994,1.352555
61650,1363.57,88.23034,1.349588
61680,1349.38,87.55522,1.37462
61710,1370.67,90.52632,1.33716
61740,1374.42,88.31168,1.330622
61770,1358.59,88.27853,1.358343
61800,1356.54,87.81863,1.361956
61830,1352.78,86.86639,1.368598
61860,1344.14,87.00504,1.38393
61890,1366.6,88.68126,1.344276
61920,1358.81,88.04907,1.357955
61950,1343.88,87.30353,1.384393
61980,1363.96,87.6682,1.348903
62010,1372.43,89.51104,1.334089
62040,1346.41,86.47895,1.379892
62070,1360.74,86.67874,1.354559
62100,1334.13,86.36681,1.401818
62130,1367.67,88.72828,1.342403
62160,1377.73,89.08896,1.324866
62190,1348.76,87.6022,1.375719
62220,1304.07,85.06198,1.45635
62250,1337.15,87.19104,1.396407
62280,1347.42,86.84144,1.378098
62310,1327.62,86.56484,1.413522
62340,1394.64,88.96506,1.295675
62370,1329.35,85.89945,1.410406
62400,1361.6,96.82036,1.353047
62430,1362.02,87.81535,1.352309
62460,1326.0,86.37012,1.416444
62490,1342.87,88.26059,1.386192
62520,1333.05,87.12423,1.403755
62550,1307.14,85.16986,1.450724
62580,1342.84,87.2575,1.386246
62610,1316.51,86.01555,1.433632
62640,1313.54,85.89311,1.439036
62670,1338.11,86.38368,1.39469
62700,1333.89,87.30186,1.402248
62730,1318.76,85.42421,1.429545
62760,1325.08,85.15177,1.418105
62790,1318.53,86.51916,1.429963
62820,1378.89,89.23094,1.322852
